author,title
Tony Buzan,Tony Buzan - Cải Thiện Năng Lực Trí Não 1
Vũ Thành Vinh,Sự Sống Giá Bao Nhiêu?
Lưu Đình Long,Như Mây Thong Dong
Thích Nhật Từ,Tháo Dây Oan Trái
Mary Albright,Cạm Bẫy Trong Quản Lý
Jack Trout - Steve Rivkin,Khác Biệt Hay Là Chết
Deep Patel,Câu chuyện ly kỳ từ cậu bé giao báo
Đang Cập Nhật,Tuổi 20 Nhiệt Huyết
M.J. Ryan,Sức Mạnh Của Lòng Kiên Nhẫn
Grant Cardone,"Bậc Thầy Giao Dịch, Cứ Thích Là Bán"
Stephen R. Covey,Thói Quen Thứ 8 - Từ Hiệu quả đến Vĩ đại
George W. Bush,Cha Tôi Tổng Thống Thứ 41 Của Hoa Kỳ
Don Taylor & Jeanne Smalling Archer,Chiến Lược Đánh Bại Người Khổng Lồ
Dr. Prashant Kakode,Tỉnh Thức
Đang cập nhật,Phép Lạ Của Sự Tĩnh Thức
Napoleon Hill,Để thế giới biết bạn là ai
Spencer Johnson,Nghệ Thuật Làm Mẹ
Nhiều tác giả,Hạt Giống Tâm Hồn 11
Trần Phi Long,SFS Podcast
Napoleon Hill,Nghĩ giàu Làm giàu - Think and Grow Rich
Nhiều tác giả,Hạt Giống Tâm Hồn 13
Chris Bailey,Siêu Tập Trung
Nhiều tác giả,Nghe Đếm Cừu
Jamey Stegmaier,Chiến Lược Gọi Vốn Cộng Đồng
Keith D. Harrell,Thay Thái Độ Đổi Cuộc Đời 3
Brett King,Cuộc Cách Mạng AI
Phương Phố,Bình An
Werner Tiki Küstenmacher,Bí Quyết Đơn Giản Hóa Cuộc Sống
Carl R. Rogers,Tiến Trình Thành Nhân
Mark Victor Hansen,Chicken Soup For The Soul - Những Người Bạn Nhỏ
Ken Blanchard,Sức Mạnh của Sự Khích Lệ
Bernard Marr,Chiến lược dữ liệu
Nhiều tác giả,Cung Bậc Tình Yêu 1
Đang Cập Nhật,Những Bài Học Đáng Giá Về Hạnh Phúc
Đang cập nhật,Kinh Lương Hoàng Sám
Khoa Lê,Những Chuyện Tình Đẹp Nhất Showbiz
Rodd Wagner - Gale Muller,Người Thông Minh Không Làm Việc Một Mình
Leo F. Buscaglia,Bí Mật Tình yêu 2
David N. Feldman,Khởi Nghiệp Nhanh Mà Chắc
Adam J.Kurtz,"Sáng Tạo Vô Biên, Phải Điên Mới Chất!"
Carol Kinsey Goman,Bí mật ngôn ngữ cơ thể
Sưu tầm,Thoát Nạn Trong Gang Tấc 4
Nguyên Phong,Đường Mây Trong Cõi Mộng
Thích Nhật Từ,Gia Đình - Tranh Đấu Hay Buông Xuôi?
Nhiều tác giả,Hạt Giống Tâm Hồn 8
Hồ Phong,Thói Quen Cha Mẹ Ảnh Hưởng Đến Cả Đời Con Cái
Mac Anderson,Điều Kỳ Diệu của Thái Độ Sống
Đang cập nhật,Kinh Lăng Nghiêm
Reid Hoffman,Tăng Trưởng Thần Tốc
Lạc Khởi,Tóm Tắt Nhanh Lịch Sử
Inner Space,CÂU CHUYỆN TRUYỀN CẢM HỨNG 17: LỜI TỬ TẾ RẤT CÓ ÍCH | INNER SPACE
Lạc Khởi,Lịch Sử Phiêu Lưu Kí
Ann Lee,Tuổi 40 Yêu Dấu
Matt Crossick,Giải ngố cho con trai
Lạc Khởi,Top 100 Nhân Vật Kinh Điển
Inner Space,NHỮNG KHÓ KHĂN LÀM TÔI MẠNH | INNER SPACE
Trần Đình Dũng,Quà Của Bố
Jonathan Yabut,"Nhanh Hơn, Khao Khát Hơn"
Gió,Yêu Đương Có Dễ Dàng?
Inner Space,"KHÔNG CÓ ""BỞI VÌ"" TRONG TÌNH YÊU CỦA TRÁI TIM | INNER SPACE"
Đang Cập Nhật,Tôi đi Du học Thất bại
Doãn Kiến Lợi,Người Mẹ Tốt Hơn Người Thầy Tốt 2
Mark Victor Hansen,Hạt Giống Tâm Hồn - Riêng Dành Cho Phụ Nữ 1
Havard Business Review,HBR On Point 2021 - Quản Lý Rủi Ro
Rinno Hiroshi,BQ - Năng Lực Sống Sót Trong Kỷ Nguyên Mới
First News,Hạt Giống Tâm Hồn - Dành Cho Tuổi Teen 1
Đang Cập Nhật,Những Bài Học Đáng Giá Về Xây Dựng Mối Quan Hệ
Osho,OSHO - Hạnh Phúc Tại Tâm
GS-TS Huỳnh Ngọc Phiên,Steve Jobs - Sức Mạnh Của Sự Khác Biệt (The Power of Think Different)
Phương Thu Thủy,Mắc Kẹt - 122+ Ngày Mắc Kẹt Ở Mỹ Vì Covid-19
Dale Carnegie,Lợi Thế Bán Hàng
Alejandro Cremades,Huy Động Vốn: Khó Mà Dễ
Michael Bunting,Lãnh Đạo Tỉnh Thức
Như Nhiên Thích Tánh Tuệ,Nhẹ Gánh Ưu Phiền
Nguyễn Thị Thu,Đọc Ehon Cho Bé
First News,Che Guevara - Nhật Ký Hành Trình Xuyên Châu Mỹ La Tinh ...
A Roger Merrill,Kích Hoạt Tiềm Năng - Bí Ẩn Bất Ngờ Từ 3 Cuộc Trò Chuyện
Brian Tracy,"Nói Ít Lại, Làm Nhiều Hơn"
Ngô Đức Vượng,Minh Triết Trong Ăn Uống Của Phương Đông
Farshad Asl,"Tư Duy ""Không Bao Biện"""
Inner Space,NUÔI DƯỠNG ĐỨA TRẺ BÊN TRONG | INNER SPACE
Giáng Tiên,Thư Tình
Inner Space,CÂU CHUYỆN TRUYỀN CẢM HỨNG 7: LỜI BÌNH LUẬN THẬT HAY KHÔNG CŨNG LÀ TỪ TÔI | INNER SPACE
James Borg,Nói Sao Cho Đúng Cho Hay
Thomas Moore,Mẹ Teresa - Trên cả tình yêu
Chú Mèo Đi Dép,CỔ TÍCH HÀN QUỐC VÀ TRIỀU TIÊN - CHÚ MÈO ĐI DÉP
Gerald G. Jampolsky,Yêu Đi Đừng Sợ
Chàng-Ngốc-Già (TS. Võ Đình Trí),Chàng-Ngốc-Già: Chuyện Làm Lụng.
Đang cập nhật,Thiện Căn Phước Đức Nhân Duyên
Danny Vo,Trò Chuyện Cùng Danny
Chân Thiện Nhật,An Nhiên Như Nắng
Spiderum,Tâm Lý Học
Spencer Johnson,Ai Lấy Miếng Pho Mát Của Tôi
radio by rêveuse,"Tôi, cậu, chúng ta, nơi góc sân trường."
Võ Ngọc Tuyền (Kelly),Dear Our Community
Genie Nguyễn Hoài Trâm,Thiền Để Thành Công
Mette Norgaard,Bí Mật Của Cảm Hứng Và Say Mê
TS. Phạm Thị Thúy,Cẩm Nang Phòng Tránh Xâm Hại Cho Con
Inner Space,BÌNH TĨNH TRƯỚC SÓNG GIÓ | INNER SPACE
Martin Oliver - Simon Ecob,Con Trai Ngoài Giờ Học Nói Chuyện Gì ?
Ten Tickers,Những Sự Thật Thú Vị Trong Phim Marvel
John Gray,Đàn Ông Sao Hỏa Đàn Bà Sao Kim (Tìm Lại Tình Yêu)
Du Phong,"Có Anh Ở Đây Rồi, Hạnh Phúc Cũng Ở Đây"
Ken Blanchard,Vị Giám Đốc Một Phút
Eckhart Tolle,Sức Mạnh Của Tĩnh Lặng
John Vũ,Lời Khuyên Dành Cho Các Bậc Cha Mẹ
Huyên Lê,True Lady By Huyen
Overseas Vietnamese,Overseas Vietnamese
Ken Blanchard,Bí Quyết Thành Công Của Các Nhà Lãnh Đạo Tài Năng
Bác Sĩ Đỗ Hồng Ngọc,Ngàn Cánh Sen Xanh Biếc
Richard Carlson,Tất Cả Đều Là Chuyện Nhỏ
Zig Ziglar,Hẹn Bạn Trên Đỉnh Thành Công
Nhiều tác giả,Hạt Giống Tâm Hồn 7 - Những Câu Chuyện Cuộc Sống
Bùi Nguyễn Trường Kiên,Sài Gòn Một Thuở Chưa Xa: Ai Đã Quên LờI Thề Hippocrate? (Tập 2)
Genie Nguyễn Hoài Trâm,Thần Tượng Âm Nhạc - My Idol
John Doer,Làm điều quan trọng
Richard Carlson,Vượt lên những chuyện nhỏ dành cho bạn trẻ
Advertising Vietnam,Creative Director
Waves,Trôi Theo Dòng Indie
Nguyễn Hồng Huấn,Biết Chính Mình
Robert Fulghum,Trường Mẫu Giáo Uyên Thâm
Hamlet Trương,Hamlet Trương Audio
Bill Coplin,Học Gì Để Không Thất Nghiệp
Shedon Bowles - Richard Silvano - Susan Silvano,Bí Mật Trị Vì Vương Quốc Đến Quản Lý Công Ty
Marcia Grad,Tìm Lại Chính Mình
Sưu tầm,Đêm Kinh Hoàng Trong Ngôi Nhà Số 48 Tây Sơn - Hà Nội
Sưu tầm,Thoát Nạn Trong Gang Tấc 6
Sưu tầm,Phong Thủy Bàn Thờ Gia Tiên Giúp Gia Đình Hưng Vượng
Quỳnh Mai,Mẹ Bỉm Sữa Hạnh Phúc
Roger Fisher,Sức Mạnh Của Trí Tuệ Cảm Xúc - Bí quyết đàm phán bất bại
Công ty Cổ phần Bệnh viện Mắt Sài Gòn,Khi Bớt Là Thêm
Nick Vujicic,Cuộc Sống Không Giới Hạn
Hana Giang Anh,Nutrition Tips
Ori Brafman & Rom Brafma,Lối Mòn Của Tư Duy Cảm Tính
Kamala Harris,Sự Thật Ta Nắm Giữ
Azim Jamal. Harvey McKinnon,Cho đi là còn mãi
Jim Stovall,Quà Tặng Vô Giá
Thy Phạm,Thuyết Trình Như Bản Tình Ca
Robert Fulghum,Nội tâm bí ẩn
Quân Võ,Tốt Hơn Mỗi Ngày
Sưu tầm,Nhạc Thư Giãn Giảm Stress
Nhiều tác giả,Hạt Giống Tâm Hồn 12
Mã Thanh Danh,Chinh Phục Cơn Hoảng Loạn
Ryan Holiday,Tâm Tĩnh Lặng
Lạc Khởi,Ngàn Năm Áo Mũ
Gordon F.Dveirin. Ph.D,Nguồn Sáng Tình Yêu
Mike George,Từ Giận Dữ Đến Bình An
Michelle Obama,Becoming - Chất Michelle
David Chiem,Dạy Con Tư Duy
Mark Victor Hansen,Chicken Soup For The Soul - Quà Tặng Tâm Hồn Dành Cho Tình Yêu
Jeremy Lazarus,Thành Công Trong Kinh Doanh Nhờ NLP
Mark Victor Hansen,Chicken Soup for The Soul Dành Cho Học Sinh Sinh Viên
Đang cập nhật,Triết - Trí Tuệ Hoan Hỷ
Đang cập nhật,Kinh Kim Cang
Betty McLellan,Khi chàng không như bạn mong muốn
Teo Aik Cher,Tại sao lo lắng? Hãy vui lên
Kent M.Keith Ph.D,10 Nghịch Lý Cuộc Sống
Hana's Lexis,IELTS Khẩu Nghiệp
Tony Buzan,Bộ Não Tí Hon - Cái Nôi Của Thiên Tài (Tập 1)
Donald Roos,Khoảnh khắc người sáng tạo
Allen Hassan,Không Thể Chuộc Lỗi
W. Clement Stone,Tư duy tích cực tạo thành công
Đang cập nhật,Kinh Những Lời Phật Dạy
Spiderum,Góc Tâm Sự
Havard Business Review,HBR On Point 2021 - Phụ Nữ Trong Vai Trò Lãnh Đạo
Nguyễn Phi Vân,Cứ Bay Rồi Sẽ Cao
Ken Watanabe,Người thông minh giải quyết vấn đề như thế nào?
Julie Zhuo,Bí Quyết Trở Thành Nhà Quản Lý Tài Ba
Đang cập nhật,Bát Nhã Tâm Kinh Giảng Thuật
Pamcasts,Nghe Đếm Lúa
Napoleon Hill,Tốt Như Vàng
Trần Trung Thực,Mặt Dày Tâm Đen – Trở Thành Nhà Quản Lí Linh Hoạt Và Quyết Đoán
Chuông - Phong Linh,Podcast Của Chuông
Larry Berman,Điệp Viên Hoàn Hảo X6
Inner Space,THIỀN NGỦ NGON - LƯỚT TRÊN DÒNG SÔNG | INNER SPACE
Dr Sarah Brewer,Ăn Lành Sống Mạnh - Sức Khỏe Vững Bền
Bác Sĩ Đỗ Hồng Ngọc,Gió Heo May Đã Về
Đang cập nhật,Đại Đệ Tử Phật - Bước Thầy Con Theo
Vân Anh,Thông Minh Cảm Xúc
Nguyễn Bảo Trung,Mây
Trần Thu Hà - Mẹ Xu Sim,Livetream Cùng Mẹ Xu Sim
Bác Sĩ Đỗ Hồng Ngọc,Để Làm Gì
FilmMusic.io,Organic Mediatation
"Bí Ẩn Sử Việt,Đang cập nhật",Bí Ẩn Sử Việt
Sư Cô Thích Nữ Chân Không,Làm Mới Tình Thương
Niccolo Machiavelli,Quân Vương
Đang cập nhật,Giảng Giải Kinh Diệu Pháp Liên Hoa Tập 3
Ali Dawson,Giải Mã Trí Tuệ Cảm Xúc
Louise L Hay,Chữa Lành Nỗi Đau
Song Hong Bing,Chiến Tranh Tiền Tệ (Phần 2): Sự Thống Trị Của Quyền Lực Tài Chính
Scott Galloway,The Four - Tứ Đại Quyền Lực
John Vũ,Bước ra thế giới
Chàng-Ngốc-Già (TS. Võ Đình Trí),Chàng-Ngốc-Già: Chuyện Cuộc Sống.
Alex Moazed,Những Đế Chế Độc Quyền Thời Hiện Đại
Du Phong - Minh Mẫn,Những Gì Đã Qua Đừng Nghĩ Lại Quá Nhiều
Sarah Delmege,Giải nai cho con gái
Matt Blumberg,Cẩm nang CEO khởi nghiệp
Stephen C. Lundin,Triết Lý Chợ Cá Cho Cuộc Sống 4
Philip Henslowe,Những Bí Quyết Căn Bản Để Thành Công Trong PR
Pam Grout,Tôi Biết Ơn Và Tôi Giàu Có
"Độc Lạ TV,Bí Ẩn Sử Việt",Độc Lạ TV
Inner Space,CÂU CHUYỆN TRUYỀN CẢM HỨNG 11: HÃY LÀ CHÍNH MÌNH | INNER SPACE
John C. Maxwell,Trở Thành Người Ảnh Hưởng
Stuart Derrick,"Going Freelance: Sống Tự Do, Không Âu Lo!"
Thảo Phạm,Nhìn Cuộc Sống Khác Đi
Spencer Johnson,Phút Dành Cho Cha
Eckhart Tolle,Trải Nghiệm Sức Mạnh Hiện Tại
Park Yong Seok,Bí Quyết Thành Công Của Các Triệu Phú Trẻ Hàn Quốc
Nhiều tác giả,GAM7 Book No 4: Brand Touchpoints - Điểm Chạm Thương Hiệu
Trần Trung Thực,"Mặt Dày Tâm Đen – Mài Bén Trí Tuệ, Tu Dưỡng Nội Tâm"
Lạc Khởi,Top 1000 Nhân Vật Kinh Điển
Tân Mập,Tân Mập Kể Chuyện Ma
Mark Victor Hansen,Chicken Soup For The Soul - Dành Cho Những Tâm Hồn Bất Hạnh
Dale Carnegie,Đắc Nhân Tâm
Đỗ Ca Sơn - Kiều Mai Sơn,Người Lính Điện Biên Kể Chuyện
Sưu tầm,Nhạc Không Lời Nhẹ Nhàng
Jonathan Yabut,Luyện Cát Thành Vàng
Joana Nylund,Sisu - Vượt Qua Tất Cả
Inner Space,CÂU CHUYỆN TRUYỀN CẢM HỨNG 5: VƯỢT RA CÁI BÓNG CỦA MÌNH | INNER SPACE
Vu Lee,Truyện Ma - Hồi Ký Hành Âm
Đang cập nhật,Kinh Kim Cang Giảng Giải
Nhiều tác giả,Dành Cho Mẹ Món Quà Của Tình Yêu
Marie Tourell Söderberg,Hygge - Hạnh Phúc Từ Những Điều Nhỏ Bé
Lạc Khởi,Lịch Sử Văn Minh
Thùy Uyên,Thiết Kế Đồ Họa có gì vui?
Bác Sĩ Đỗ Hồng Ngọc,Nghĩ Từ Trái Tim
Lý Văn Dũng,Toả Sáng Nơi Công Sở
Jon Gordon,Chuyến Xe Năng Lượng
Sưu tầm,Lời Nguyền Từ Cổ Mộ
Đỗ Quang Tuấn Hoàng,Đi Bán Đam Mê - Những Câu Chuyện Khởi Nghiệp
Song Hong Bing,Chiến Tranh Tiền Tệ (Phần 1): Ai Thực Sự Là Người Giàu Nhất Thế Giới
"Đang cập nhật,Bí Ẩn Sử Việt",TU THÂN - NỖ LỰC ĐỂ BẢN THÂN TỐT HƠN MỖI NGÀY!
Havard Business Review,HBR On Point 2021 - Các Nhà Quản Lý Mới
Lý Nhân Phan Thứ Lang,Nam Phương - Hoàng Hậu Cuối Cùng
Joshua Becker,Sống Tối Giản
Tom Siebel,Chuyển Đổi Số
Nguyên Phong,Trở về từ xứ tuyết
Mark Victor Hansen,Chicken Soup For The Soul - Vượt Qua Thử Thách Đầu Đời
Adrian Gostick,Câu chuyện nhà quản lý cà rốt và nghệ thuật khen thưởng
John C. Maxwell,17 tố chất thiết yếu của team player
Anne Morrow Lindbergh,Trải Nghiệm Và Khát Vọng Cuộc Sống
Tom Rath,Bí Mật Chiếc Xô Cảm Xúc
Sư Cô Thích Nữ Chân Không,60 Năm Theo Thầy Học Đạo Và Phụng Sự - Tập 3 - Phương Hương Xuôi Vạn Lý
J. Krishnamurti,Tự Do Đầu Tiên và Cuối Cùng
Hạo Nhiên - Quốc Khánh,Điểm Mù
Huy Hoàng,Mẹo Vặt Cuộc Sống
Đang cập nhật,Phật Học phổ Thông
Viktor Emil Frankl,Đi tìm lẽ sống
Frederic Laloux,Tái Tạo Tổ Chức
Ernie Carwile,Không Gục Ngã
Giáng Tiên,Mỹ Nhân Trung Hoa
Les Hewitt,Chicken Soup For The Soul - Tìm Lại Giá Trị Cuộc Sống
Trương Nguyện Thành,Cha Voi - Dạy con nên người ở thời đại số
Napoleon Hill,Chìa khóa tư duy tích cực
Sưu tầm,Bốc Mộ
Ann Lee,Thêm Một Ngăn
Nhiều tác giả,Trễ Còn Hơn Không Bao Giờ 2
Dandi janki,Từ Nội Tâm Hướng Ra Bên Ngoài
Mike George,Khơi sáng tinh thần & Giải toả Stress
Inner Space,CÂU CHUYỆN TRUYỀN CẢM HỨNG 9: CUỘC ĐỜI LÀ MỘT TIẾNG VANG | INNER SPACE
James Allen,Khi Người Ta Tư Duy
Đang cập nhật,Cõi Việt
Phan Bảo Long,Bye Béo
Mark Pitstick,Mật Mã Sự Sống
Ken Blanchard,Phút Dành Cho Bạn - Cân Bằng Công Việc Và Cuộc Sống
Nguyễn Huy Thắng – Nguyễn Như Mai – Nguyễn Quốc Tín,Sử Ta - Chuyện Xưa Kể Lại Tập 3
Sưu tầm,"Nhạc Tập Trung Làm Việc, Học Tập"
Võ Nam Du,Lam Kỳ
Lạc Khởi,Lịch Sử Không Chỉ Là Chuyện Vua Chúa
Madisyn Taylor,Blog Cho Tâm Hồn 1
Nhiều tác giả,Điều Kỳ Diệu Tình Yêu
Jim Akers,Điều Gì Quan Trọng Trong Đời Bạn?
Mike George,7 Ảo Tưởng Tình Yêu
Carmine Gallo,"10 Bí Quyết Của Các MC, Diễn Giả"
Sưu tầm,Chicken Soup For The Soul - Dành Cho Những Tâm Hồn Không Bao Giờ Gục Ngã
Eckhart Tolle,Thức Tỉnh Mục Đích Sống
Umbalena,Umbalena | Câu Chuyện Về Lòng Tốt
Eric Ries,Khởi Nghiệp Tinh Gọn
Hong Dinh,Làm Giáo Viên Tại Mỹ
Jordan Belford,Sói Già Phố Wall (Phần 2)
Huy Hoàng,Đối Đáp Với Những Câu Hỏi Khó Đỡ
Richard Bode,Người Đi Tìm Tặng Vật Của Biển
Inner Space,CHỮA LÀNH BẢN THÂN | INNER SPACE
Cecelia Ahern,P.S. I Love You - Tái Bút Anh Yêu Em
Havard Business Review,Tư Duy Lãnh Đạo - Hành Động Lãnh Đạo
Erica Lucas,Tuyệt Chiêu Tuyển Dụng
Inner Space,7-DAY MEDITATION CHALLENGE | INNER SPACE
Nhiều tác giả,Hạt Giống Tâm Hồn: Tuyển Chọn Những Câu Chuyện Hay Nhất
First News,Hạt Giống Tâm Hồn 1
Hana Giang Anh,Mental Health Series
Tùng BT,Hài Độc Thoại - Tùng BT
Spencer Johnson,Đào Thoát Khỏi Mê Cung
Tony Parsons,Trái Tim Tuổi 19.
Inner Space,CÂU CHUYỆN TRUYỀN CẢM HỨNG 14: BÌNH YÊN TỪ BÊN TRONG | INNER SPACE
Trần Việt Quân,Đánh thức ý nghĩa cuộc đời
Piero Ferrucci,Giá Trị Của Sự Tử Tế
Inner Space,TRỞ VỀ CHÍNH MÌNH | INNER SPACE
Mark Victor Hansen,Chicken Soup For The Soul - Tình Yêu Thương Gia Đình
George S. Clason,Người Giàu Có Nhất Thành Babylon
Desmond Tutu,Hỷ Lạc Từ Tâm
Sưu tầm,Vụ án Thẩm mỹ viện Cát Tường phi tang xác nạn nhân
Robert Maurer,Phương Pháp Kaizen
Đang cập nhật,Luận Anh Hùng
Havard Business Review,HBR On Point 2021 - Bài Học Lãnh Đạo Từ Thể Thao
Inner Space,THAY ĐỔI GIỌNG NÓI BÊN TRONG BẠN | INNER SPACE
Nhiều tác giả,Dịch bệnh - Kẻ Thù Nguy Hiểm Nhất
Inner Space,CÂU CHUYỆN TRUYỀN CẢM HỨNG 10: SỐNG Ở HIỆN TẠI | INNER SPACE
Anne Gregory,Sáng Tạo Chiến Dịch PR Hiệu Quả
Nguyên Phong,Đường Mây Qua Xứ Tuyết
Mark Victor Hansen,Chicken Soup For The Soul 6 - Dành Cho Những Con Người Vượt Lên Số Phận
Michael D'antonio,Donald Trump Và Cơn Khát Thành Công - Không Bao Giờ Là Đủ
Yaniv Zaid,Nghệ Thuật Bán Hàng Của Người Do Thái - Bí Quyết Marketing Sáng Tạo
Inner Space,CÂU CHUYỆN TRUYỀN CẢM HỨNG 20: HÃY MÀI CÂY RÌU CỦA BẠN | INNER SPACE
Đang cập nhật,Kinh Diệu Pháp Liên Hoa -  Hạnh An Vui
Vu Lee,Truyện Ma - Tâm Linh Dân Gian
Nguyên Phong,Muôn Kiếp Nhân Sinh - Tập 1
Lạc Khởi,Đại Việt Dị Truyện
Khoai Tây Mọc Mầm,Khoai Tây Mọc Mầm Show
Hamlet Trương,Xuất Hồn
Donald J.Trump,Nghĩ Lớn Để Thành Công
David Goldwich,Đàm Phán Bậc Thầy - Cả Hai Cùng Thắng
Trần Đình Dũng,Viết Cho Người Thương
Inner Space,THIỀN NGỦ NGON | INNER SPACE
Spiderum,Kỹ Năng Tư Duy
Hà Anh,#HOHATUTA Học hành và trưởng thành cùng Hà Anh
Phạm Ngọc Thanh,Để Con Được Lớn Khôn
Trish Summerfield - Anthony Strano,Tư Duy Tích Cực - Bạn Là Những Gì Bạn Nghĩ
Isador Henry Coriat,Những Cảm Xúc Bị Dồn Nén
Như Nhiên Thích Tánh Tuệ,An Nhiên Giữa Những Thăng Trầm
Ken Blanchard,Vị Giám Đốc 1 Phút Và Con Khỉ
Đang cập nhật,Thiền - Suối Nguồn Tâm Linh
Thy Phạm,Trả Lời Những Câu Hỏi Làm Sao
Masanobu Fukuoka,Cuộc Cách Mạng Một - Cọng - Rơm
Jeremy Lazarus,Ứng Dụng Thành Công NLP
Hạo Nhiên - Quốc Khánh,Kiếm Sĩ Bắt Ruồi
Nhiều tác giả,Hạt Giống Tâm Hồn 9
Hạo Nhiên - Quốc Khánh,Hiệu Ứng Chim Mồi - Tập 1
Huyền Chip,Xách Ba Lô Lên Và Đi - Tập 1
Hal Urban,Những Bài Học Cuộc Sống
Esther Perel,Nội Tình Của Ngoại Tình
Inner Space,WHO AM I? | INNER SPACE
Liz Josefsberg,Từ 100 Cân Đến 100 Điểm_6 Bước Giảm Cân Hiệu Quả
Khoa Lê,Tiểu Sử Người Nổi Tiếng
TS. Phạm Thị Thúy,"""Phúc"" Nuôi Dạy Con"
Grant Cardone,Kỹ Năng Bán Hàng Tuyệt Đỉnh
Phan Bảo Long,30 Ngày giảm béo Chuẩn Y khoa
Amy Morin,13 Điều - Người Có Tinh Thần Thép Không Làm
Sharon Lechter,Phụ Nữ Nghĩ Giàu Và Làm Giàu
Thích Nhất Hạnh,Không Diệt Không Sinh Đừng Sợ Hãi - Thích Nhất Hạnh
Khoai Tây Mọc Mầm,Linh Tinh Linh Kể
Phạm Tuấn Sơn,Dám Làm Giàu
John Vũ,Khởi Hành
Inner Space,KHÔNG GIAN BÌNH YÊN | INNER SPACE
Ten Tickers,Ten Tickers - Kinh Dị
Havard Business Review,Lãnh Đạo Bằng Sức Mạnh Trí Tuệ Cảm Xúc
Inner Space,CÂU CHUYỆN RUYỀN CẢM HỨNG 18: HẠNH PHÚC VÔ HÌNH | INNER SPACE
Inner Space,CÂU CHUYỆN TRUYỀN CẢM HỨNG 13: TÌNH YÊU CỦA MẸ LÀ RẤT THẬT | INNER SPACE
Thy Phạm,Happy Lady Networking
Minh Niệm,Hiểu Về Trái Tim
Nguyên Phong,Minh Triết Trong Đời Sống
Gary Zukav,Khám Phá Thế Giới Tâm Linh - Discover The Invisible
J. Krishnamurti,Bạn đang nghịch gì với đời mình?
Cy Wakeman,Vô Ngã
Lạc Khởi,Top 100 Trận Chiến Kinh Điển
Martin Oliver - Simon Ecob,Bạn Trai Tháo Vát
Debbie Gisonni,Hạnh Phúc Ở Trong Ta
Trần Văn Khê,Tự truyện GS. TS. Trần Văn Khê - Trí Huệ Để Lại Cho Đời
Phạm Duy Hiếu,Tôi Muốn Trở Thành Nhà Lãnh Đạo
Lạc Khởi,Võ Công Bách Gia
Hana's Lexis,Việc Làm Ở Mỹ
Nguyễn Huy Thắng – Nguyễn Như Mai – Nguyễn Quốc Tín,Sử Ta - Chuyện Xưa Kể Lại Tập 1
Đang cập nhật,Chú Đại Bi Giảng Giải
Spiderum,Kinh Tế - Xã hội
Kent NerBurn,Phút Dành Cho Con
Og Mandino,Người Bán Hàng Vĩ Đại Nhất Thế Giới
Eli Woolery,Tư Duy Thiết Kế
Dr. Shozo Hibino,Tư Duy Đột Phá
Genie Nguyễn Hoài Trâm,Truyện Cười Tình Yêu
Nguyễn Phi Vân,"Tôi, Tương Lai Và Thế Giới"
Tony Buzan,Tony Buzan - Cải Thiện Năng Lực Trí Não 2
Margaret Kent,Dành Cho Những Cô Gái Đang Yêu
Nhiều tác giả,Mãi Mãi Là Yêu Thương
Eckhart Tolle,Hợp Nhất Với Vũ Trụ
Mark Victor Hansen,Chicken Soup For The Soul 4 - Nghịch cảnh và giá trị cuộc sống
Dr. Patrick Khor,ibosses – Thủ Lĩnh Số Thế Hệ Y
Norine Dresser,Phút Cuối - Nhẹ Bước Lên Con Đường Mới
Lạc Khởi,Vạn Hoàng Chi Vương ( Chuyện Hậu Cung )
Nguyễn Tuấn Quỳnh,Sống Ở Thể Chủ Động
Ron Clark,55 Nguyên Tắc Ứng Xử Thiết Yếu Để Thành Công
Don M. Green,Công thức thành công
OFVS,OFVS Podcast
Đang Cập Nhật,Bói Cung Hoàng Đạo
Nguyễn Chí Hiếu,"Làm Như Lửa, Yêu Như Đất"
Phạm Băng,Internet Phù Phép Start - Up
Nguyễn Mạnh Tuấn,Đứng Trước Biển
Jan Alcoe,BẢY CÔNG CỤ VƯỢT LÊN TRÊN BỆNH TẬT (TÌM LẠI SỨC MẠNH TINH THẦN)
Robert Kyncl,Streampunks: Kẻ Nổi Loạn Định Dạng Lại Ngành Truyền Thông
Barry Watson,Tự Tin Bán Hàng Thành Công
Ten Tickers,"Ten Tickers - Tóm tắt, đánh giá phim"
Team Trần Đăng Khoa,Sống Và Khát Vọng
Đang Cập Nhật,Sổ Tay CEO - Phòng Chống Gián Điệp Trong Doanh Nghiệp
Jack Canfield,The Best Of Chicken Soup For The Soul - Tuyển Tập Những Câu Chuyện Hay Nhất (Song Ngữ)
Leo Buscaglia,Bí mật tình yêu 1
Ajahn Brahm,Mở Cửa Trái Tim
Huy Đặng,Truyền Cảm Hứng Cho Những Bạn Yêu Ca Hát
Randy Grieser,10 Nguyên Tắc Vàng Của Nhà Lãnh Đạo
Bernadette Russell,Tử tế đáng giá bao nhiêu
Lạc Khởi,Binh Pháp Bách Gia
Nguyễn Xuân Thủy,Tôi Kể Em Nghe Chuyện Trường Sa
Blake Nemelka,Bí quyết học giỏi
Thích Nhất Hạnh,Từng Bước Nở Hoa Sen - Thích Nhất Hạnh
Nguyên Phong,Trở Về Từ Cõi Sáng
Hạo Nhiên - Quốc Khánh,Hiệu Ứng Chim Mồi 3
Đang cập nhật,Thiền - Hành Trình Tới Giác Ngộ Và Giải Thoát
Nhiều tác giả,Hạt Giống Tâm Hồn 4
Spiderum,Chuyện Tình Yêu
Nick Vujicic,Sống Cho Điều Ý Nghĩa Hơn
Ken Blanchard,Khách Hàng Là Số 1
David J.Pollay,Bài học diệu kỳ từ chiếc xe rác
Ajahn Brahm,Buông Bỏ Buồn Buông
Émile Coué,Bí Mật Và Thực Tế Về Tự Kỉ Ám Thị
M.J. Ryan,Hạnh Phúc Không Khó Tìm 2
First News,Những Âm Mưu Hủy Diệt Bill Gates
Gió,Trưởng Thành Có Gì?
Dan Shapiro,Ghế Nóng - Cẩm Nang Toàn Diện Cho Ceo Khởi Nghiệp
Mark Victor Hansen,Chicken Soup For The Soul 23- Trái Tim Người Cha
Đang cập nhật,Mã Thanh Danh Podcast
Bác Sĩ Đỗ Hồng Ngọc,Những Người Trẻ Lạ Lùng
Lama Anagarika Govinda,Hãy Nghe Em Nói
Jordan Belford,Sói già Phố Wall (Phần 1)
Mark Victor Hansen,Cha Điểm Tựa Đời Con
Zig Ziglar,Nghệ thuật bán hàng bậc cao
Jon Gordon,Tư duy cá mập suy nghĩ cá vàng
Jeff Feldhahn,Thay Thái Độ Đổi Cuộc Đời
Brian Halligan,Inbound Marketing - Thu Hút Thế Giới Về Với Bạn Trong Môi Trường Trực Tuyến
Giản Tư Trung,Đúng Việc
Nhiều tác giả,Điều Bình Dị Thông Thái
J. Krishnamurti,Giáo Dục Và Ý Nghĩa Cuộc Sống
Sưu tầm,Thoát Nạn Trong Gang Tấc 1
OnewayMedia,Tĩnh Nguyện Hằng Ngày
Spencer Johnson,Quà Tặng Diệu Kỳ
Wilhelm Stekel,Sâu Trong Ta Một Bông Hoa Luôn Rực Sáng
Đang cập nhật,Phật Học Cơ Bản
Vikrom Kromadit,Tay Không Gây Dựng Cơ Đồ
Trish Summerfield - Anthony Strano,Lăng Kính Tâm Hồn - Các Kỹ Năng Và Bài Tập Trải Nghiệm Về Phát Triển Nội Tâm
Subir Chowdhury,Nghệ Thuật Nâng Cao Chất Lượng Công Việc
Janelle Barlow & Claus Moller,Khi Khách Hàng Lên Tiếng
Ian Wallis,50 Ý Tưởng Kinh Doanh Đỉnh Nhất
Anselm Grün,50 thiên thần của bạn: Giải phóng bản thân khỏi buồn phiền và cô đơn
Nguyên Phong,Huyền thuật và các đạo sĩ Tây Tạng
Inner Space,SLEEP MEDITATION | INNER SPACE
Rashmi Bansal,"Hãy Cứ Khát Khao, Hãy Mãi Dại Khờ"
Rich DeVos,Hồi Ký Rich Devos - Con đường tỷ phú
Sưu tầm,Thoát Nạn Trong Gang Tấc 5
Inner Space,THÁCH THỨC THIỀN 7 NGÀY | INNER SPACE
Mark Victor Hansen,Chicken Soup For The Soul 1 - Chia Sẻ Tâm Hồn Và Quà Tặng Cuộc Sống
Robert Fulghum,Góc Nhìn Của Người Thông Thái
Neil H Riordan,Tế bào gốc - Bí mật của suối nguồn tuổi trẻ
Nguyên Phong,Hoa Sen Trên Tuyết
MC Đỗ Phương Thảo,Do Phuong Thao
Adyashanti,Sự Thực Về Giác Ngộ
Lê Huỳnh Đức,Tôi Tập Thể Dục
Nguyễn Huy Thắng – Nguyễn Như Mai – Nguyễn Quốc Tín,Sử Ta - Chuyện Xưa Kể Lại Tập 4
FilmMusic.io,Chilled Music
Genie Nguyễn Hoài Trâm,Bảng Xếp Hạng Âm Nhạc Quốc Tế
ThS Nguyễn Thị Bích Ngọc,Tỏa Sáng Ở Trường Đại Học
Robert Craven,Marketing Sáng Tạo Dành Cho Doanh Nghiệp Nhỏ
Nguyễn Chí Hiếu,Nghiện Giấc Mơ Bơ Lối Mòn
Inner Space,CÂU CHUYỆN TRUYỀN CẢM HỨNG 6: VIỆC LÀM NHỎ LỢI ÍCH LỚN | INNER SPACE
Andrey Markovich Maksimov,Trẻ em như ngọc như gương
Hong Dinh,Học Kiểu Mỹ Tại Nhà
Lạc Khởi,Lịch Sử Đế Chế - Quốc Gia
Susan Jeffers,Xuyên Qua Nỗi Sợ
Christian Johnson,Who moved my cheese? For Teens - Ai Lấy Miếng Pho Mát Của Tôi? - Phiên Bản Dành Cho Độc Giả Trẻ
Hữu Ngọc,Lãng Du Trong Văn Hóa Việt Nam - Tập 3 | Văn Hóa - Bản Sắc Dân Tộc - Văn Học - Nghệ Thuật
Mark Victor Hansen,Chicken Soup For The Soul - Gieo Niềm Tin Cuộc Sống
Edward Klein,Cuộc Chiến Không Hồi Kết
Madisyn Taylor,BLOG CHO TÂM HỒN 2
Erling Kagge,Ta dại ta tìm nơi vắng vẻ
Mark Raison,Chiến lược và sáng tạo: 100 bài học truyền cảm hứng
Đang cập nhật,Tâm Tĩnh Lặng
Khoa Lê,Tám Hậu Cung
Đang Cập Nhật,Bí Quyết Để Có Bạn Đời Lí Tưởng
Becky Sheetz,Binh Pháp Tôn Tử Trong Kinh Doanh
Derek Lidow,Thuật Lãnh Đạo Khởi Nghiệp
Cai Ning,Mẹ Mỹ Dạy Con Tự Tin
Karen Buns,Cuộc Phiêu Lưu Kỳ Thú Của Những Cô Gái Năng Động
Sư Cô Thích Nữ Chân Không,60 Năm Theo Thầy Học Đạo Và Phụng Sự - Tập 1 - Con Đường Mở Rộng
Inner Space,VIRUS LÀ MỘT BÀI THI | INNER SPACE
Sưu tầm,Thoát Nạn Trong Gang Tấc 2
Spiderum,Phát Triển Bản Thân
Nhiều tác giả,Điều Kỳ Diệu Của Tình Yêu - Tuyển Chọn Những Câu Chuyện Hay Nhất
William Faulkner,Cuộc Đời Vốn Dĩ Rất Khó Nghĩ
Sưu tầm,Top Những Địa Danh Ma Ám Không Thể Bỏ Qua
Jeremy Heimans,Quyền lực mới
Teo Aik Cher,Tại sao phải chần chừ?
Mikhail Samarsky,Cầu Vồng Trong Đêm 2 - Công Thức Thiện Tâm
Mark Victor Hansen,Chicken Soup For The Soul 9 - Vòng Tay Của Mẹ
Juice Detox,Hiểu đúng về giảm cân
Ten Tickers,Top Phim Hay Nhất
Huy Hoàng,Bật Mí Bí Mật Dành Cho Những Người Sợ Ma
Thôi Hiểu Lệ,Kỵ Và Hợp Trong Ăn Uống
Tony Buzan,Sức Mạnh Của Trí Tuệ Xã Hội
Donna M. Genett,Người Giỏi Không Phải Là Người Làm Tất Cả
Đang cập nhật,Triết - Đức Phật Thuyết Giảng Về Tánh Không Và Vô Ngã
Inner Space,CÂU CHUYỆN TRUYỀN CẢM HỨNG 1: BẠN MẠNH HƠN BẠN TƯỞNG | INNER SPACE
Og Mandino,Hãy Chọn Một Cách Sống
Hubert Seipel,Putin: Logic Của Quyền Lực
First News,Để Con Bạn Giỏi Như Einstein
Hamlet Trương,Lèm Bèm Radio
Joe Biden,"Hứa Với Con, Ba Nhé"
Tizi Đích Lép,Yêu Là Đủ
Teo Aik Cher,Tại sao cần đơn giản?
Genie Nguyễn Hoài Trâm,Truyện Cười Dân Gian
Richard Boyatzis,Bí Quyết Hạnh Phúc Trong Công Việc
David L. Rogers,Cải Tổ Doanh Nghiệp Trong Thời Đại Số
Patricia A.Jennings,Dạy Học Với Trọn Vẹn Yêu Thương
Ken Blanchard,Vị Giám Đốc Hiệu Qủa
Lạc Khởi,Lịch Sử Nổ Não
Napoleon Hill,Bí quyết làm giàu của Napoleon Hill
Spencer Johnson,Yes Or No - Những Quyết Định Thay Đổi Cuộc Sống
Đang Cập Nhật,Happy Parenting with Tu-Anh Nguyen
Nhiều tác giả,Thiên Nhiên Liều Thuốc Nhiệm Màu
Đang Cập Nhật,Những Bài Học Đáng Giá Về Giàu Có
Mark Victor Hansen,Chicken Soup For The Soul - Khi Bạn Mất Niềm Tin
Teo Aik Cher,Bí Kíp Nhà Vô Địch
Ten Tickers,"Superheros Through Years 1988, 2011, 2012, 2013, 2015"
Peter Worley,Cửa Hiệu Triết Học
Paul Sloane,Nghĩ Khác Để Trở Thành Lãnh Đạo Xuất Sắc
Nhiều tác giả,Cung Bậc Tình Yêu 2
Sưu tầm,Nghiêm Viết Thành - Thảm Án Tày Trời
Võ Nam Du,Tây Sơn Ký: Những câu chuyện về thời đại của Hoàng đế Quang Trung
Lạc Khởi,Giang Hồ Máu Lửa
Chris Baréz-Brown,Xoay Tư Duy Chuyển Cuộc Đời
Stephen R. Covey,Tư Duy Tối Ưu
Nhiều tác giả,Trễ Còn Hơn Không Bao Giờ 1
John Vũ,Kiến tạo thế hệ Việt Nam ưu việt
Edward de Bono,Làm người thú vị
Sharon Connolly,Networking - Kỹ Năng Mềm Quan Trọng Nhất
John Vũ,Kết nối
Joseph O'Neill,Nikola Tesla - Thiên Tài Hào Phóng Và Cuộc Chiến Dòng Điện
Nhiều tác giả,Hạt Giống Tâm Hồn 16
Nhiều tác giả,Tuổi Trẻ Không Bao Giờ Quay Lại - Tuyển Chọn Những Câu Chuyện Hay Nhất
François Lelord,Hector Và Hành Trình Thú Vị Đi Tìm Hạnh Phúc
Henry Ford,Henry Ford - Tôi và Ford Motor
Stephen R. Covey,7 Thói Quen Hiệu Quả - 7 habits of highly effective people
Đang Cập Nhật,Hồn Nhiên Trong Thế Giới Đảo Điên
BJ Gallagher,Có Điều Kiện Cứ Thể Hiện
Dominique Loreau,Nghệ Thuật Tối Giản
Mimeng,Bé Gấu 5 Tuổi Đã Dạy Tôi Những Gì
Rich DeVos,10 câu nói vạn năng
Dave Evans,Thiết Kế Một Cuộc Đời Đáng Sống
Keith D. Harrell,Thay Thái Độ Đổi Cuộc Đời 2
Hoa Học Trò Magazine,Loa Phường Xéo Xắt (by Hoa Học Trò)
Võ Nam Du,"Hiểu Truyền Thống, Sống Tương Lai"
Inner Space,CÂU CHUYỆN TRUYỀN CẢM HỨNG 2: TÔI MUỐN LÀM HẠT GIỐNG NẢY MẦM | INNER SPACE
Dentsu Redder Impact Academy,Impact Academy Season 1 - English version
Cynthia Kersey,Nơi Nào Có ý Chí Nơi Đó Có Con Đường 2
Joseph S. Nye Jr,Tương Lai Của Quyền Lực
Teo Aik Cher,Tại Sao Cần Vượt Trội
Genie Nguyễn Hoài Trâm,Crash Landing On You - Tâm sự Fangirl
Sue Gallehugh,Những Câu Chuyện Không Phải Là Cổ Tích
Inner Space,TÔI LÀ AI? | INNER SPACE
Suối Thông,Thả Trôi Phiền Muộn
Rom Brafman,Bắt Sóng Cảm Xúc - Bí mật lực hấp dẫn
Nhiều tác giả,Marketing Đột Phá
Nguyễn Huy Thắng – Nguyễn Như Mai – Nguyễn Quốc Tín,Sử Ta - Chuyện Xưa Kể Lại Tập 2
Ken Blanchard,Bí Mật Chưa Tiết Lộ Của Vị Giám Đốc Một Phút
Bryan Robinson,Nghệ thuật sống tự tin
Nick Vujicic,Đừng Bao Giờ Từ Bỏ Khát Vọng
Spencer Johnson,Sống Hay Tồn Tại
Nhiều tác giả,Xin Đừng Làm Mẹ Khóc - Tuyển Chọn Những Câu Chuyện Hay Nhất TGTH
Professor Michael Puett - Christine Gross-Loh,Minh Đạo Nhân Sinh
Alexandra Johnson - Karen Donnelly,Bạn Gái Khéo Tay
Teo Aik Cher,Tại sao phải hành động?
Genie Nguyễn Hoài Trâm,Thần Đèn: Giáo Dục Và Ngôn Ngữ
Doãn Kiến Lợi,Người Mẹ Tốt Hơn Là Người Thầy Tốt
Alison Lester,Kỹ Năng Thuyết Trình Hiệu Quả
Arbinger Institutute,Lãnh Đạo và Sự Tự Lừa Dối
David J. Schwartz,Dám Nghĩ Lớn
Shiv Khera,You Can Win - Bí Quyết Của Người Chiến Thắng
Tùng BT,Cà Phê Khởi nghiệp cùng Tùng Bê Tê - Không kịch bản
Vahan Janjigian,Ngay Cả Buffett Cũng Không Hoàn Hảo
First News,Đừng Bao Giờ Từ Bỏ Ước Mơ
TS. Phạm Thị Thúy,Nghề Làm Cha Mẹ
François Lelord,Hector Và Hành Trình Cứu Tình Yêu
Ken Blanchard,Vươn Tới Sự Hoàn Hảo
Nguyễn Ngọc Ký,Tâm Huyết Trao Đời
Mark Victor Hansen,Hạt Giống Tâm Hồn - Riêng Dành Cho Phụ Nữ 2
Marci Shimof,Khi Mọi Điểm Tựa Đều Mất
Dobrosav Bob Zivkovic,Chuyện Dễ Đùa Khó Nói
Minh Vy Home,Sử Ta
Vu Lee,Mao Sơn Chính Tông
Lillian Too,Phong Thủy Trong Tình Yêu
Havard Business Review,HBR On Point 2021 - Quản Lý Trong Bối Cảnh Suy Thoái
M.J. Ryan,Hạnh Phúc Không Khó Tìm 1
Genie Nguyễn Hoài Trâm,Tâm Sự Yêu Xa
Norbert D.Y. Cha,7 Sắc màu Hạnh phúc
Nhiều tác giả,Sống Yêu Thương
Ann Lee,Ăn Và Yêu Và Ăn Và Yêu
Louise L Hay,Tin Vào Chính Mình
TS. Phạm Thị Thúy,Thai giáo: Phương Pháp Khoa Học Dạy Con Từ Trong Bụng Mẹ
Ten Tickers,Các Nhân Vật Đỉnh Nhất Của Marvel
Joe Chang,Bí ẩn của lão hóa
Anthony Robbins,Đánh Thức Năng Lực Vô Hạn
Bóng đèn,Bóng Đèn Kể Chuyện
Đang Cập Nhật,Future Impact Academy Season 2 - English version
Tony Schwartz,Luôn Là Cảm Hứng
James R. Doty,Bước Vào Cửa Hiệu Nhiệm Màu
Sưu tầm,Những Chuyến Bay Định Mệnh
Allan Pease,Câu Hỏi Là Câu Trả Lời
Lạc Khởi,Kỳ Quan Thế Giới
Shakti Gawain,Trí tưởng tượng mở con đường
Karen Berman,Khi Ta Thay Đổi Thế Giới Sẽ Đổi Thay
Claude M. Bristol,Sức Mạnh Niềm Tin
Sean Covey,7 Thói Quen Của Teen Thành Đạt
Trần Quốc Khánh,Quốc Khánh Vlog
T. Jason Smith,Toả Sáng Nơi Công Sở - Từ Đi học đến Đi làm
Loan Vu,Loan Vũ Podcast
Shaunti Feldhahn,Bí ẩn nam giới
Shaunti Feldhahn,Bí Ẩn Nữ Giới
David Niven,Bí Quyết Để Có Một Gia Đình Hạnh Phúc
Chàng-Ngốc-Già (TS. Võ Đình Trí),Chàng-Ngốc-Già: Chuyện Đầu Tư.
Shichida Việt Nam,Shichida Maxim
Jonathan Hancok,Bí Quyết Học Nhanh Nhớ Lâu
Robin Norwood,Phụ Nữ Yêu Như Thế Nào
Sư cô Chân Đoan Nghiêm,Sự Vận Hành Của Tâm
Gary Zukav,Những Câu Chuyện Tâm Linh
T. Harv Eker,Bí Mật Tư Duy Triệu Phú
Nguyên Phong,Đường Mây Trên Đất Hoa
Nguyễn Thị Việt Hà,Trái Tim Người Cha - Niềm Tin Vững Vàng Cho Trẻ Tự Kỷ
Osho,OSHO - ĐẠO. Con Đường Không Lối (The Way of Tao)
Robin Sharma,Thuật Lãnh Đạo Từ Vị Tu Sĩ Bán Chiếc Ferrari
Bác Sĩ Đỗ Hồng Ngọc,Sức Khỏe Gia Đình
Carolyn Hobbs,Sống Với Niềm Vui Mỗi Ngày
Mike George,Hệ Miễn Dịch Tâm Hồn
Chàng-Ngốc-Già (TS. Võ Đình Trí),Chàng-Ngốc-Già: Chuyện Học Hành.
Masanobu Fukuoka,Gieo Mầm Trên Sa Mạc
Ellen Singer,Không Theo Lối Mòn
Minh Vy Home,Nước Mình
Zhao Li Rong,Mẹ Đức Dạy Con Kỷ Luật
Lạc Khởi,Top 1000 Trận Chiến Kinh Điển
Trần Việt Quân,Nhân tướng ứng dụng
Hà Anh,Phụ Nữ Và Cuộc Sống
Genie Nguyễn Hoài Trâm,Tâm Sự Chuyện Nhà Chồng
Sư Cô Thích Nữ Chân Không,"60 Năm Theo Thầy Học Đạo Và Phụng Sự - Tập 2 - Chân Bước Hộ Niệm, Hơi Thở Từ Bi"
Genie Nguyễn Hoài Trâm,Review Sách Hay
Dương Chí Thành,Kỳ Nghỉ Hè Tươi Đẹp
Jason Fried,Khác Biệt Để Bứt Phá
Havard Business Review,Cẩm nang quản lý
David Simon,10 Điều Tạo Nên Số Phận
Joseph M. Marshall III,Không Chùn Bước
Thomas J. Stanley - William D. Danko,Bẻ Khóa Bí Mật Triệu Phú
Nguyễn Huy Tưởng,An Tư Công Chúa
First News,Hạt Giống Tâm Hồn - Dành Cho Tuổi Teen 2
Nhiều tác giả,GAM7 Book No 3: Viral - Lan Truyền
Đang cập nhật,Thiền Tứ Niệm Xứ
Inner Space,CÂU CHUYỆN TRUYỀN CẢM HỨNG 12: ĐIỀU GÌ XÁY RA CŨNG TỐT | INNER SPACE
Petown,Petown Podcast - Yêu Sen Yêu Boss
Sưu tầm,Thoát Nạn Trong Gang Tấc 3
Mika Wakuda,Cha Mẹ Nhật Dạy Con Lắng Nghe Hơn Là La Mắng
Genie Nguyễn Hoài Trâm,Những Điều Nên Làm Để Cả Năm May Mắn
Courtney Carver,Tâm Hồn Giản Dị
Nguyên Phong,Ngọc sáng trong hoa sen
Meg Greene,Mẹ Teresa - Nguồn Sáng Từ Trái Tim
Chàng-Ngốc-Già (TS. Võ Đình Trí),Chàng-Ngốc-Già: Chuyện Chi Tiêu.
Nathalie Nahai,Lan Tỏa Ảnh Hưởng Thời Kỹ Thuật Số
Hoa Học Trò Magazine,Những Vùng Đất Chắp Cánh Ước Mơ (by Hoa Học Trò)
Nhiều tác giả,GAM7 No 2: Saturation - Điểm Bão Hòa
Margareta Magnusson,Sống thanh thản như người Thuỵ Điển
Danny Vo,Phát triển bản thân
Clifford Sawhney,Tuyển Tập Truyện Cười Thế Giới - Tập 1
Shama Hyder,Marketing - Đột Phá Trước Khi Bị Đá
Lạc Khởi,Vĩ Nhân Trầm Khuất
Advertising Vietnam,Women In Advertising
Danny Vo,Chuyện Muôn Kiếp
John C. Maxwell,Quyền chọn là ở bạn
Nguyên Phong,Muôn Kiếp Nhân Sinh - Tập 2
Christian Johnson,Ai Lấy Miếng Pho Mát Của Tôi? - Phiên Bản Dành Cho Độc Giả Nhí
Tony Buzan,Sức Mạnh Của Trí Tuệ Sáng Tạo
Ann Lee,Vẫn Yêu
Spiderum,Cách Làm Giàu
David Niven,Bí Quyết Để Có Một Cuộc Sống Khỏe Mạnh
Phan Thanh Lưu,Triết Học Cho Người Không Chuyên
Phương Nam,Hài Độc Thoại Trong Nhà Ngoài Phố
Heather Hansen,"Đối Nhân Khéo, Xử Thế Hay"
Spiderum,Kiến Thức Cuộc Sống
Đang cập nhật,Những Truyện Niệm Phật Cảm Ứng Mắt Thấy Tai Nghe
MJ DeMarco,Sứ Mệnh Khởi Nghiệp
Lạc Khởi,Lịch Sử Vạn Vật
Ken Blanchard,Vị Giám Đốc Một Phút - Bí Quyết Áp Dụng Để Thành Công
Thích Nữ Nhuận Bình,Gieo Mầm Hạnh Phúc
Nhiều tác giả,Hạt Giống Tâm Hồn 10 - Theo Dòng Thời Gian
Brian Tracy,GOALS - Chinh Phục Mục Tiêu
Hermann Hesse,Siddhartha
Đang Cập Nhật,Bí Quyết Trở Thành Người Xuất Sắc
Thảo Phạm,Lead With Your Strengths
Hana Giang Anh,Sex Education
Michael J. Marquardt,Lãnh Đạo Bằng Câu Hỏi
Mark Tier,Bí quyết đầu tư và kinh doanh chứng khoán của tỷ phú Warren Buffett & George Soros
First News,Hạt Giống Tâm Hồn 14 - Góc Nhìn Diệu Kỳ Của Cuộc Sống
Spiderum,Hướng Nghiệp
Mohammed bin - Rashid Al Maktoum,Ánh Chớp Tư Duy
Philip Miller,Khám phá ngôn ngữ tư duy
Đang cập nhật,Kinh A Di Đà
Brad Lomenick,Tài Lãnh Đạo 3K
Osho,Osho - Từ Bi
Robin Sharma,Vị Tu Sĩ Bán Chiếc Ferrari
Ajahn Brahm,Tâm Từ
Đang cập nhật,Bát Chánh Đạo - Con Đường Đến Hạnh Phúc
Genie Nguyễn Hoài Trâm,Truyện Cười Tiếu Lâm
Lạc Khởi,Lịch Sử Và Thuyết Tiến Hoá
First News,Inbound Selling - Thay đổi phương thức bán hàng theo mô hình inbound
Gabriel Garcia Marquez,Sống Để Kể Lại
Gari,"Đã Từng Tồn Tại, Đã Từng Yêu Thương"
Wayne Cordeiro,Thái độ quyết định thành công
Nhiều tác giả,Đêm Giáng Sinh Kỳ Diệu
Eckhart Tolle,Sức Mạnh Của Hiện Tại
Lê Thiếu Nhơn,Hẹn Nhau Từ Muôn Kiếp Trước
Đang Cập Nhật,Sự Sống Bất Tử
Brian Tracy,Để Hiệu Quả Trong Công Việc
Stephen R. Covey,Đam mê -  Bí quyết tạo thành công
Lâm Minh Chánh,Tài Chính Cá Nhân Dành Cho Người Việt Nam
Havard Business Review,Những Nguyên Lý Quản Trị Bất Biến Mọi Thời Đại
Podcast 25 Phút,Podcast 25 Phút
Phạm Ngọc Thanh,Không Ai Hiểu Con Bằng Mẹ
Bác Sĩ Đỗ Hồng Ngọc,Thầy Thuốc Và Bệnh Nhân
Sưu tầm,Những Hiện Tượng Khiến Khoa Học Cũng Phải Bó Tay
Sưu tầm,Xác Chết Không Đầu Tại Chung Cư Hà Nội
Anthony Robbins,Đánh Thức Con Người Phi Thường Trong Bạn
Inner Space,CÂU CHUYỆN TRUYỀN CẢM HỨNG 3: HÃY LÀ NGƯỜI ẢNH HƯỞNG | INNER SPACE
Vươn Lên Radio,Vươn Lên Radio
Nguyễn Triệu Luật,Bà Chúa Chè
Ken Blanchard,Sức Mạnh Của Sự Quan Tâm
Andy Molinsky,Vượt Khỏi Giới Hạn
Nguyễn Ngọc Ký,Tôi Đi Học
Brian Halligan,Inbound PR - Dịch chuyển hoạt động PR theo mô hình Inbound
Nguyễn Huy Tưởng,Lá Cờ Thêu Sáu Chữ Vàng
Ernie Carwile,Giá Trị Cuộc Sống
Nguyên Phong,Hoa Trôi Trên Sóng Nước
Đang cập nhật,Thiền Từ Chánh Niệm Đến Giác Ngộ
Grant Leboff,Bán Hàng Thời Kỹ Thuật Số
Genie Nguyễn Hoài Trâm,Nhật Ký 14 Ngày Cách Ly
Jan Alcoe,Tìm Lại Sức Mạnh Tinh Thần
Ken Bay,Kích hoạt tài năng bán hàng
Alan Loy Mcginnis,Giá Trị Tình Bạn Trong Các Mối Quan Hệ
Inner Space,CÂU CHUYỆN TRUYỀN CẢM HỨNG 21: TÌNH YÊU LÀ VÔ HÌNH | INNER SPACE
Dr. Girish Patel,Nghệ Thuật Sống Vui Sống Khỏe Ở Thế Kỷ 21
Trần Quốc Khánh,One On One Interview
Đang Cập Nhật,Bí Quyết Để Có Sự Nghiệp Mơ Ước
Shigeaki Hinokara,Bí Quyết Trường Thọ Của Người Nhật
Betty McLellan,Khám Phá Miền Đất Lạ
Nhiều tác giả,Hạt Giống Tâm Hồn 15
Hana's Lexis,Cuộc Sống Ở Mỹ
Arlene Johnson,Bản đồ thành công
Dahlynn McKowen,Thử Thách Những Ước Mơ
Jack Canfield-Mark Victor Hansen-Leann Thieman,Những Bờ Vai Nương Tựa
Lý Nhân Phan Thứ Lang,Sài Gòn Vang Bóng
Takafumi Horie,"Sống Hiệu Quả, Bứt Phá Giới Hạn"
Lạc Khởi,Văn Chương - Lục Nghệ
Huy Hoàng,Cãi Nhau Trong Hòa Bình
Violeta Babíc,Cẩm Nang Con Trai
Bác Sĩ Đỗ Hồng Ngọc,Gươm Báu Trao Tay
Sư Cô Thích Nữ Chân Không,60 Năm Theo Thầy Học Đạo Và Phụng Sự - Tập 4 - Cần Thơ Về Kinh Bắc
Osho,Trò Chuyện Với Vĩ Nhân
First News,Còn Sống Còn Yêu thương
Vương Học Điền,Trái cây chữa bệnh
Du Phong - Minh Mẫn,Đừng Đợi Kiếp Sau Mới Quan Tâm Nhau
Lya Luft,Lẽ Được Mất
Đang Cập Nhật,Tuổi 50 Hy Vọng
John Gray,Đàn Ông Sao Hỏa - Đàn Bà Sao Kim (Hạnh Phúc Bên Nhau)
Đang Cập Nhật,Thẳm Sâu Bí Ẩn
Genie Nguyễn Hoài Trâm,Sống Hạnh Phúc
Huyên Lê,Những Lưu Ý Trước Khi Kết Hôn
Lạc Khởi,Lịch Sử: Bất Quá Một Tiếng Thở Dài
Juli Zeh,Xứ Sở Những Cô Gái Đi Xe Máy Mặc Áo Khoác Hoa
Pamala Oslie,Biến Ước Mơ Thành Hiện Thực
Kevin Hall,Thuật Dụng Ngôn
Richard Carlson,Vượt lên những chuyện nhỏ trong công việc
Danny Vo,Chữa Lành Tự Nhiên
Bác Sĩ Đỗ Hồng Ngọc,Già Ơi... Chào Bạn!
Mike Merrill,Dám Dẫn Đầu
Nikola Tesla,Cuộc Đời Kỳ Lạ Của Nikola Tesla
Hana's Lexis,Như Lời Đồn
Nguyên Phong,Dấu Chân Trên Cát
Đang cập nhật,Giảng Giải Kinh Diệu Pháp Liên Hoa Tập 4
Stephen C. Lundin,Triết lý chợ cá cho cuộc sống 1
Vu Lee,Truyện Ma Đặc Sắc
Paul Lever,Cách của Người Đức
Ruy Băng Tím,Ung Thư - Tin Đồn Và Sự Thật
Teo Aik Cher,Hãy Là Người Lãnh Đạo
Dũng Phan,Sử Việt - 12 Khúc Tráng Ca
Les Hewitt,Chicken Soup For The Soul - Những tâm hồn cao thượng
Jun Li,Mẹ Do Thái Dạy Con Tư Duy
Yu Dan,Trang Tử Tâm Đắc
Advertising Vietnam,AdTalks
Inner Space,CÂU CHUYỆN TRUYỀN CẢM HỨNG 16: GIẬN DỮ LÀ MỘT HÀNH VI KHÔNG ĐẸP | INNER SPACE
Peter Kelder,Suối Nguồn Tươi Trẻ 2
Susan RoAne,Tạo Lập Mối Quan Hệ Trong Kỷ Nguyên Số
Jeffrey Pfeffer - Robert I. Sutton,Cuộc Chiến Công Sở
Trần Thanh Phong,Đừng để mất bò
Trần Đức Anh Sơn,Kiểu Huế
Phil M Jones,Thuật Bán Hàng Vô Song
Trần Thế Hương,Câu Chuyện Tính Dục Đông Tây
Richard N. Bolles,Chiếc Dù Của Bạn Màu Gì? Bí Quyết Chọn Nghề
Ten Tickers,Ten Tickers - Đặc Biệt
Irena Tiodorovic,Cẩm nang bỏ túi cho tình yêu
Dr Penny Sartori,Trải Nghiệm Cận Tử
Brian Tracy,Bí Quyết Tuyển Dụng Và Đãi Ngộ Người Tài
Lance Armstrong,Ý Chí Ngoài Đường Đua
Đang Cập Nhật,Tuổi 20 Yêu Thương
Ten Tickers,Những Nhân Vật Phản Diện Trong Phim Marvel
Inner Space,CÂU CHUYỆN TRUYỀN CẢM HỨNG 4: LÀM CHỦ TÂM TRÍ BẠN | INNER SPACE
Dan Sullivan,10 Quy luật cuộc sống
Dan Clark,Chicken Soup For The Soul - Quà Tặng Từ Trái Tim
Hamlet Trương,Góc Nhìn Cuộc Sống
Tolly Burkan,Nghĩ Đơn Giản Cho Đời Thanh Thản
EMMANUEL MACRON,Cách mạng
Inner Space,CÂU CHUYỆN TRUYỀN CẢM HỨNG 19: NUÔI DƯỠNG ĐIỀU TÍCH CỰC Ở TRONG BẠN | INNER SPACE
Inner Space,CHỮA LÀNH TRÁI TIM | INNER SPACE
Brian Klemmer,Tinh Thần Samurai Trong Thế Giới Phẳng
Inner Space,CÂU CHUYỆN TRUYỀN CẢM HỨNG 15: BIẾT ƠN VỚI VIỆC BẠN LÀ AI | INNER SPACE
Hoa Học Trò Magazine,Hộp Chocolate Tuổi Trẻ (by Hoa Học Trò)
Lạc Khởi,Đại Việt Anh Hùng Truyện
Mohammed bin - Rashid Al Maktoum,Tầm Nhìn Thay Đổi Quốc Gia
Jayanti Kripalani,Thiền Định Thiết Thực
Stephen M. R. Covey,Tốc Độ Của Niềm Tin
Betty McLellan,Khám Phá Những Điều Phi Thường
Thích Nhật Từ,Tiền Và Tình Đời - Nghệ Thuật Buông Bỏ
Hana's Lexis,Bí Quyết Giỏi Tiếng Anh
Rich DeVos,Khát Vọng Từ Trái Tim
JUSTIN CHAMPION,Inbound Content - Xây dựng chiến lược nội dung theo phương pháp inbound
Linda Howard,Con Gái Của Sarah
Linnea Dunne,Lagom Vừa Đủ - Đẳng Cấp Sống Của Người Thụy Điển
Nhiều tác giả,Nơi Đó Có Tình Yêu
Richard Bode,Biển Cả & Giá Trị Cuộc Sống
Colin Barrow,Tạo Lập Kế Hoạch Kinh Doanh Hoàn Hảo
Havard Business Review,HBR On Point 2021 - Đổi Mới Mô Hình Kinh Doanh
Trần Quốc Khánh,Podcast THE QUOC KHANH SHOW
Bùi Nguyễn Trường Kiên,Sài Gòn Một Thuở Chưa Xa: Những Đồng Tiền Nghiệt Ngã (Tập 1)
Talentnet Corporation,Vietnam HR Awards Podcast – Matters That Matter
Steven R. Gundry,"Nghịch Lý Rau Củ Quả: Sự ""Trả Thù"" Của Thực Vật!"
Joseph E. Aoun,Chạy đua với Robot
Nguyên Phong,Hành Trình Về Phương Đông
Jeffrey J. Fox,Để Trở Thành Người Bán Hàng Xuất Sắc
Lama Anagarika Govinda,Vỡ Vụn Tuổi 20
First News,Hạt Giống Tâm Hồn 5
Hạo Nhiên - Quốc Khánh,Hiệu Ứng Chim Mồi - Tập 2
Zig Ziglar,Vươn Đến Sự Hoàn Thiện
Inner Space,TÌNH YÊU DIỆT VIRUS | INNER SPACE
Ôn Như Nguyễn Văn ngọc,Cổ Học Tinh Hoa
Russell Lawson,Xì Xầm Vs Hét To - Bí Kíp X Trong Quảng Cáo PR
Osho,OSHO - Can Đảm Là Chính Mình Trong Thế Giới Hiểm Nguy
Lý Nhân Phan Thứ Lang,Bảo Đại - Hoàng Đế Cuối Cùng
Đang Cập Nhật,Tuổi 40 Trải Nghiệm
Hồng Phượng,Be The Storyteller
Nguyên Phong,Bên Rặng Tuyết Sơn
Đang cập nhật,Tứ Diệu Đế - Tứ Vô Lượng Tâm
Phương Nam,Tâm Sự Cùng Nam
Edward de Bono,Tự Luyện Cách Tư Duy
Sưu tầm,Cách Lựa Chọn Cây Phong Thủy Giúp Tài Lộc Hanh Thông
Thích Nữ Nhuận Bình,Mở Lối Yêu Thương
Patrick Lencioni,5 Điểm Chết Trong Teamwork
Lạc Khởi,Chứng Nhân Lịch Sử
Peter Kelder,Suối Nguồn Tươi Trẻ 1
Margaret Pinkerton,Nâng Cao Sức Mạnh Tinh Thần
Vu Đan,Khổng tử tinh hoa
Richard Carlson,Vượt lên những chuyện nhỏ trong tình yêu
Lạc Khởi,Giải Mật Địa Chính Trị
J. Krishnamurti,Tự do vượt trên sự hiểu biết
Joan Z. Borysenko,Để Kén Thành Bướm
Tony Buzan,Sức Mạnh Của Trí Tuệ Tâm Linh
Suzette Blakemore,Tinh Hoa Quản Trị Dự Án
Sưu tầm,Chicken Soup For The Soul - Cảm Hứng Cuộc Sống
Thích Nhật Từ,Hôn Nhân - Chuyện Thêm Và Bớt
George Matthew Adams,Không Gì Là Không Thể
Nguyễn Thị Minh Phương,Cẩm Nang Phương Pháp Sư Phạm
Vu Lee,Ma Dân Gian
Violeta Babíc,Riêng Dành Cho Bạn Gái Và Nửa Kia
John G. Miller,Tư duy thông minh
Gary Zukav,5 Ngôn Ngữ Tình Yêu
Brian Tracy,Để được trọng dụng và đãi ngộ
Trần Kiêm Hạ,Trở Về Từ Iraq
Dave Braun,Tìm Bình Yên Giữa Vạn Biến
Trần Trung Thực,"Mặt Dày Tâm Đen – Đối Nhân Tinh Tế, Xử Thế Vững Vàng"
Napoleon Hill,Giàu Có Đâu Có Khó!
Đang cập nhật,Chú Đại Bi (Trì 21 Biến)
Mark Shaw,"Kỹ Nghệ Chơi Chữ, Ngón Nghề Content"
Lottie Stride,Con Gái Ngoài Giờ Học Nói Chuyện Gì ?
Florence Littauer,Dám ước mơ
Joseph Murphyc,Sức Mạnh Tiềm Thức
Phan Bảo Long,Topic kiến thức hỗ trợ giảm cân
Malcolm Gladwell,Điểm Bùng Phát
Inner Space,GIA ĐÌNH TÔI YÊU | INNER SPACE
Ten Tickers,Review Phim Marvel
Mark Victor Hansen,Chicken Soup for The Soul 22 - Khám Phá Cuộc Sống
J. Stuart Ablon,Mọi thứ đều có thể thay đổi
Nguyễn Bảo Trung,Nhà
Brad Stulberg,Phong Độ Cực Đỉnh
Matt Thomas,Làm Chủ Cửa Hàng Bán Lẻ
Hà Chiến Thắng,Làm Gì Trước 30
Jack Canfield,Bí Quyết Thành Công Dành Cho Bạn Trẻ
Nhiều tác giả,Những Vòng Tay Ấm
Trần Quân Ngọc,Kể Tiếp Chuyện Bác Hồ
Yukari Mitsuhashi,IKIGAI - Chất Nhật Trong Từng Khoảnh Khắc
Trần Thu Hà - Mẹ Xu Sim,Thu Hà - Mẹ Xu Sim
Hana Giang Anh,Woman Tips
Carl Gustave Jung,Anh Là Ai Tôi Là Ai
Napoleon Hill,Bí kíp để giàu có
Nguyễn Bảo Trung,Vô Thường
Lạc Khởi,Lịch Sử Trong Vỏ Hạt Dẻ
Mark Victor Hansen,Chicken Soup For The Soul 3 - Chia Sẻ Tâm Hồn & Quà Tặng Cuộc Sống
Đang Cập Nhật,Bí Quyết Làm Chủ Đồng Tiền
Thích Nhật Từ,Bên Bờ Sinh Tử - Gieo Nhân Lành Để Nhận Quả Lành
David P.Campell,Hành Trang Vào Đời
Hữu Ngọc,Lãng Du Trong Văn Hóa Việt Nam - 1 - Đất Việt
Hạc Xanh,Chẳng Lẽ Ở Vậy Thiệt Sao
Muhammad Yunus,Thế Giới Ba Không
Dale E. Bredesen,Tạm Biệt Alzheime
Jay Conrad Levinson,Nghệ Thuật Săn Việc 2.0
Paul J. Meyer,Sức Mạnh Của Sự Tử Tế
Alex Rovira - Ferrnando Trias De Bes,Good Luck - Bí Mật Của May Mắn
Trần Trung Thực,Mặt Dày Tâm Đen – Nhân Viên Khéo Léo Tỏa Sáng Chốn Văn Phòng
Stephen R. Covey,Lựa Chọn Tối Ưu Thứ 3
James G.Zumwalt,Chân Trần Chí Thép
Sara Albion,Khoảng trời bình yên cho tuổi Teen
Ngày Xưa Podcast,Ngày Xưa Podcast Season 1
Terry Hershey,Sức Mạnh Của Điểm Dừng
Vương Học Điền,Rau củ chữa bệnh
Đang Cập Nhật,Tuổi 60 Khởi Sinh
Inner Space,CALM IN TURBULENT TIMES | INNER SPACE
Mervyn King,Sự Kết Thúc Của Thời Đại Giả Kim
Bác Sĩ Đỗ Hồng Ngọc,Như Ngàn Thang Thuốc Bổ
Doãn Kiến Lợi,Giáo Dục: Tuyệt Vời Nhất = Đơn Giản Nhất
"Nhiều tác giả,Dentsu Redder Impact Academy,Future Impact Academy",Future Impact Academy Season 2
Suối Thông,Sống Đời Bình An
Huy Hoàng,Mẹo Phong Thuỷ
Charlotte Cho,Bí quyết dưỡng da kiểu Hàn Quốc
Đang cập nhật,Chủ Động Cái Chết Để Tái Sinh Trong Một Kiếp Sống Tốt Đẹp Hơn
James Rickards,Tiền Đấu Với Vàng
Anthony Robbins,Quà Tặng Cuộc Sống
Sưu tầm,Kỳ án: Trùng tang hay Xà tinh báo oán
Nguyễn Chí Linh,Giọt Cà Phê Thơm Ottoman
Chung Ju Yung,"Không Bao Giờ Là Thất Bại, Tất Cả Chỉ Là Thử Thách"
Rose Elliot,Kiến Phật
Carolyn Hobbs,Sức mạnh của ngôn từ
Osho,OSHO - Thân Mật Cội Nguồn Của Hạnh Phúc
Inner Space,CÂU CHUYỆN TRUYỀN CẢM HỨNG 8: MUỐN KHÁC HÃY GIEO HẠT | INNER SPACE
Teo Aik Cher,Học giỏi cách nào đây
Chí Công,Những Vụ Án Bí Ẩn Ở Hong Kong
Ten Tickers,Ten Tickers -  Harry Potter
Chí Công,Chuyện Ma Trường Học
Nguyễn Ngọc Ký,Tôi Học Đại Học
Spencer Johnson,Phút Nhìn Lại Mình
Stephen R. Covey,7 Thói Quen Tạo Gia Đình Hạnh Phúc
Đang cập nhật,Kinh Mi Tiên Vấn Đáp
Sun Yu Mei,Mẹ Nhật Dạy Con Trách Nhiệm
Sưu tầm,Huyền thoại Lý Tiểu Long
Tian Dayton,Quên Hôm Qua Sống Cho Ngày Mai
Tremaine Du Preez,"Nghĩ Thoáng, Làm Khôn Ngoan"
Marianne Williamson,Từ Nước Mắt Đến Nụ Cười
Christophe Loviny,Aung San Suu Kyi: Sợ hãi & Tự do
Violeta Babíc,Cẩm Nang Con Gái
Adam Grant,Cho Và Nhận
Nhiều tác giả,Huyền thoại Che Guevara
Vu Lee,Truyện Ma - Tâm Linh Trinh Thám
Brian Tracy,100 Quy Luật Bất Biến Để Thành Công Trong Kinh Doanh
PGS.TS Lê Văn Tề,Để Thành Công Trong Chứng Khoán
Jeff Rosenblum,Đột Phá Tư Duy Thương Hiệu
First News,Cho Một Khởi Đầu Mới
Sưu tầm,Bóng đêm trên Đê La Thành - Hà Nội
Đang cập nhật,Thiền - Con Đường Giác Ngộ
Dentsu Redder Impact Academy,Impact Academy Season 1 - Vietnamese version
Osho,OSHO - Sáng Tạo Bừng Cháy Sức Mạnh Bên Trong
Psychub,Thế Giới Chúng Ta Những Ngày Đại Dịch
Shawn Achor,Tiềm Năng Lớn
Jean Paul Zogby,Thời Gian - Thấu Hiểu Để Sống Xứng Đáng Từng Giây
Dale Carnegie,Quẳng Gánh Lo Đi & Vui Sống
Hữu Ngọc,Lãng Du Trong Văn Hóa Việt Nam - Tập 2 | Lịch Sử - Truyền Thống
Napoleon Hill,Tư Duy Làm Giàu - Những bài nói chuyện bất hủ của Napoleon Hill
Barbara De Angelis,Giải Đáp Chuyện Yêu
Đang cập nhật,Books Up - Quyển Sách Tôi Yêu
First News,Hạt Giống Tâm Hồn 3
Michael Bungay Stanier,7 Câu Hỏi Thần Kỳ Của Sếp Giỏi
Inner Space,TỬ TẾ VẪN CÒN ĐÓ | INNER SPACE
Ten Tickers,DC Series
Napoleon Hill,Những Nguyên Tắc Vàng của Napoleon Hill
Alison Lester,Giỏi Giao Tiếp Dễ Thành Công
Ajahn Brahm,Hạnh phúc đến từ sự biến mất
Amy Morin,Bánh răng khời nghiệp: Đường đến thành công
Tùng BT,Khởi Nghiệp Bình Thường
Vu Lee,Truyện Ma Ngạ Quỷ
Team Trần Đăng Khoa,Team Trần Đăng Khoa
Triệu Hiểu Ly,Quay Đầu Là Bờ - Dừng Ngay Những Nỗ Lực Mù Quáng
Havard Business Review,Đằng Sau Một Quyết Định Lớn
Pety App,Pet Stories - Câu Chuyện Thú Cưng
Helen Keller,Tự Truyện Helen Keller - Câu Chuyện Đời Tôi
Inner Space,TRỞ VỀ VỚI TÌNH YÊU | INNER SPACE
Genie Nguyễn Hoài Trâm,Những Điều Bạn Chưa Biết Về Tình Yêu
Steven Cone,Đánh Cắp Ý Tưởng
Vu Đan,Khổng tử tâm đắc
NXB Trẻ,18 Quy luật bất biến phát triển danh tiếng thương hiệu
Hana's Lexis,Những Chuyến Đi
Michael A.Singer,Cởi Trói Linh Hồn
Pamcasts,Tránh Ác Mộng
First News,Hạt Giống Tâm Hồn 2
Mark Victor Hansen,Chicken Soup For The Soul - Sống Với Ước Mơ
Bùi Nguyễn Trường Kiên,Sài Gòn Một Thuở Chưa Xa: Thầy Ơi Thương Lấy Dân Nghèo (Tập 3)
Nhiều tác giả,Cú Hích
